trial,batch_size,success_count,total_time,avg_time,throughput
0,1,1,0.0001596000000000375,0.0001596000000000375,6265.66416039953
0,5,5,0.0005451000000000761,0.00010902000000001522,9172.62887543442
0,10,10,0.0010685999999999751,0.00010685999999999751,9358.038555119065
0,20,20,0.002140599999999937,0.00010702999999999685,9343.174810800985
0,50,50,0.005043599999999926,0.00010087199999999852,9913.55381077023
0,100,100,0.01011379999999995,0.0001011379999999995,9887.480472226116
1,1,1,0.00011859999999996873,0.00011859999999996873,8431.703204049441
1,5,5,0.0005283999999999844,0.00010567999999999689,9462.528387585442
1,10,10,0.0010788999999999938,0.00010788999999999938,9268.699601445971
1,20,20,0.002371800000000035,0.00011859000000000175,8432.414200185389
1,50,50,0.005015400000000003,0.00010030800000000007,9969.294572716028
1,100,100,0.010747699999999916,0.00010747699999999916,9304.316272318802
2,1,1,0.00011140000000009476,0.00011140000000009476,8976.660682218577
2,5,5,0.0006977000000000233,0.00013954000000000467,7166.403898523481
2,10,10,0.0013951000000000935,0.00013951000000000935,7167.944950182302
2,20,20,0.0024220999999999826,0.00012110499999999913,8257.297386565437
2,50,50,0.005131399999999897,0.00010262799999999795,9743.92953190182
2,100,100,0.010816200000000054,0.00010816200000000054,9245.391172500462
3,1,1,0.0001246999999999776,0.0001246999999999776,8019.2461908595
3,5,5,0.0005430000000000712,0.00010860000000001424,9208.103130753858
3,10,10,0.0010560999999998932,0.00010560999999998932,9468.800303002567
3,20,20,0.00207450000000009,0.00010372500000000451,9640.877319835687
3,50,50,0.005367899999999981,0.00010735799999999962,9314.629557182543
3,100,100,0.010485600000000095,0.00010485600000000095,9536.888685435177
4,1,1,0.00013450000000003737,0.00013450000000003737,7434.94423791615
4,5,5,0.0005340000000000344,0.00010680000000000689,9363.29588014921
4,10,10,0.0010584999999999622,0.00010584999999999623,9447.331128956406
4,20,20,0.0020908000000000593,0.00010454000000000297,9565.716472163494
4,50,50,0.0053754999999999775,0.00010750999999999954,9301.460329271735
4,100,100,0.01068800000000003,0.0001068800000000003,9356.287425149674
5,1,1,0.00011609999999984133,0.00011609999999984133,8613.264427229687
5,5,5,0.0005401000000000433,0.00010802000000000866,9257.544899092018
5,10,10,0.0010858000000000256,0.00010858000000000257,9209.799226376648
5,20,20,0.002197400000000016,0.0001098700000000008,9101.665604805614
5,50,50,0.004732100000000017,9.464200000000033e-05,10566.133429132906
5,100,100,0.01018640000000004,0.00010186400000000039,9817.010916516101
6,1,1,0.00012310000000015364,0.00012310000000015364,8123.476848080844
6,5,5,0.0005367000000000566,0.00010734000000001132,9316.191540897098
6,10,10,0.0010392999999999653,0.00010392999999999652,9621.860867892172
6,20,20,0.0025929999999998454,0.00012964999999999228,7713.0736598539115
6,50,50,0.004932699999999901,9.865399999999802e-05,10136.436434407324
6,100,100,0.009981200000000134,9.981200000000134e-05,10018.83541057174
7,1,1,0.00011440000000018102,0.00011440000000018102,8741.25874124491
7,5,5,0.0005279000000000256,0.00010558000000000511,9471.490812653454
7,10,10,0.0010103999999999669,0.00010103999999999669,9897.07046714205
7,20,20,0.0020274000000000125,0.00010137000000000062,9864.851533984352
7,50,50,0.005401699999999954,0.00010803399999999908,9256.345224651577
7,100,100,0.010750199999999932,0.00010750199999999932,9302.152518092746
8,1,1,0.00017460000000002474,0.00017460000000002474,5727.376861396669
8,5,5,0.0005041000000001183,0.00010082000000002366,9918.666931162123
8,10,10,0.0010293999999999581,0.00010293999999999581,9714.396735963091
8,20,20,0.002132600000000151,0.00010663000000000755,9378.223764418355
8,50,50,0.011051699999999887,0.00022103399999999772,4524.190848466798
8,100,100,0.012830600000000025,0.00012830600000000026,7793.867784826883
9,1,1,0.0001613999999998672,0.0001613999999998672,6195.786864936944
9,5,5,0.0008873000000000353,0.00017746000000000705,5635.0726924375085
9,10,10,0.0012969000000000452,0.0001296900000000045,7710.694733595228
9,20,20,0.0025847999999999427,0.00012923999999999713,7737.542556484233
9,50,50,0.005592900000000123,0.00011185800000000245,8939.905952189187
9,100,100,0.010711600000000043,0.00010711600000000043,9335.673475484484
10,1,1,0.00011910000000003862,0.00011910000000003862,8396.305625522047
10,5,5,0.0005258999999999681,0.00010517999999999361,9507.510933638152
10,10,10,0.0010258000000000767,0.00010258000000000767,9748.488984206719
10,20,20,0.001972900000000166,9.864500000000831e-05,10137.361244867107
10,50,50,0.0052058999999999855,0.00010411799999999971,9604.487216427542
10,100,100,0.011098000000000052,0.00011098000000000053,9010.632546404715
11,1,1,0.00012239999999996698,0.00012239999999996698,8169.93464052508
11,5,5,0.0005560000000000009,0.00011120000000000018,8992.805755395668
11,10,10,0.0010464999999999502,0.00010464999999999502,9555.661729575228
11,20,20,0.002118999999999982,0.0001059499999999991,9438.414346389887
11,50,50,0.005426500000000001,0.00010853000000000002,9214.042200313275
11,100,100,0.012235299999999949,0.0001223529999999995,8173.072993714941
12,1,1,0.00012230000000013064,0.00012230000000013064,8176.614881430351
12,5,5,0.0005325999999998832,0.00010651999999997664,9387.90837401633
12,10,10,0.0010375000000000245,0.00010375000000000245,9638.554216867242
12,20,20,0.002136299999999869,0.00010681499999999344,9361.980995179154
12,50,50,0.005678300000000025,0.0001135660000000005,8805.452336086466
12,100,100,0.011322100000000113,0.00011322100000000113,8832.28376361267
13,1,1,0.0001340000000000785,0.0001340000000000785,7462.686567159807
13,5,5,0.0005619999999999514,0.00011239999999999029,8896.79715302568
13,10,10,0.0011403999999999304,0.00011403999999999303,8768.853034023685
13,20,20,0.0022075999999999762,0.00011037999999999882,9059.612248595857
13,50,50,0.005431600000000092,0.00010863200000000184,9205.390676780167
13,100,100,0.010637599999999914,0.00010637599999999913,9400.616680454314
14,1,1,0.00011410000000000586,0.00011410000000000586,8764.241893075798
14,5,5,0.0005044999999999078,0.00010089999999998155,9910.802775026588
14,10,10,0.0010361999999999316,0.00010361999999999316,9650.64659332239
14,20,20,0.0021336000000000688,0.00010668000000000344,9373.828271465765
14,50,50,0.005361800000000194,0.00010723600000000388,9325.226603006115
14,100,100,0.011208200000000001,0.00011208200000000002,8922.039221284416
15,1,1,0.00013210000000007938,0.00013210000000007938,7570.022710063581
15,5,5,0.0005203000000000291,0.00010406000000000582,9609.84047664755
15,10,10,0.0010612000000000954,0.00010612000000000953,9423.2943837157
15,20,20,0.0022823999999999067,0.00011411999999999534,8762.705923589563
15,50,50,0.00716439999999996,0.0001432879999999992,6978.951482329334
15,100,100,0.01884259999999993,0.00018842599999999932,5307.12322078696
16,1,1,0.00013569999999996085,0.00013569999999996085,7369.196757555553
16,5,5,0.0005948999999998428,0.00011897999999996856,8404.773911584
16,10,10,0.0012114000000000846,0.00012114000000000847,8254.911672444528
16,20,20,0.002593400000000079,0.00012967000000000395,7711.884013264205
16,50,50,0.005945400000000101,0.00011890800000000201,8409.863087428794
16,100,100,0.010541499999999981,0.00010541499999999982,9486.315989185616
17,1,1,0.00011410000000000586,0.00011410000000000586,8764.241893075798
17,5,5,0.0005173999999996681,0.00010347999999993363,9663.703131046013
17,10,10,0.0010684999999996947,0.00010684999999996947,9358.914365936225
17,20,20,0.002120899999999981,0.00010604499999999906,9429.958979678522
17,50,50,0.0054413999999995966,0.00010882799999999193,9188.811702871266
17,100,100,0.011073699999999853,0.00011073699999999853,9030.405374897398
18,1,1,0.0001242999999999661,0.0001242999999999661,8045.052292842097
18,5,5,0.000617899999999949,0.00012357999999998981,8091.924259589598
18,10,10,0.0010070999999998165,0.00010070999999998165,9929.50054612434
18,20,20,0.0020137999999998435,0.00010068999999999218,9931.472837422561
18,50,50,0.005125399999999836,0.00010250799999999671,9755.336168884693
18,100,100,0.01060210000000028,0.00010602100000000281,9432.093641825426
19,1,1,0.00010839999999978644,0.00010839999999978644,9225.092250940683
19,5,5,0.0004795999999998024,9.591999999996048e-05,10425.354462056004
19,10,10,0.0009521999999999586,9.521999999999587e-05,10501.995379122489
19,20,20,0.001970999999999723,9.854999999998615e-05,10147.133434806094
19,50,50,0.004999399999999987,9.998799999999975e-05,10001.200144017308
19,100,100,0.012207399999999868,0.00012207399999999868,8191.752543539253
