n,t,trial,registration_time_s,token_time_s
3,2,0,0.0002330999999999861,5.209999999999937e-05
3,2,1,0.00023289999999998034,5.250000000001087e-05
3,2,2,0.00022719999999998297,5.169999999998787e-05
3,2,3,0.00022330000000003736,5.270000000001662e-05
3,2,4,0.0002218999999999971,5.0799999999906476e-05
3,2,5,0.00023200000000000998,5.589999999999762e-05
3,2,6,0.00022129999999997985,5.0200000000000244e-05
3,2,7,0.00026020000000004373,6.170000000005338e-05
3,2,8,0.00022210000000000285,5.069999999995911e-05
3,2,9,0.00022379999999999622,5.1200000000029e-05
3,2,10,0.00022169999999999135,5.049999999995336e-05
3,2,11,0.00022009999999994534,5.050000000006438e-05
3,2,12,0.00022090000000007937,5.049999999995336e-05
3,2,13,0.0002228000000000785,5.050000000006438e-05
3,2,14,0.00022290000000002586,5.189999999999362e-05
3,2,15,0.0002206999999999626,5.0900000000075885e-05
3,2,16,0.00024329999999994634,5.100000000002325e-05
3,2,17,0.00022889999999997634,6.669999999997511e-05
3,2,18,0.00021740000000003423,5.169999999998787e-05
3,2,19,0.00021599999999999397,4.999999999999449e-05
3,2,20,0.00021650000000006386,4.939999999997724e-05
3,2,21,0.00021580000000009925,5.010000000005288e-05
3,2,22,0.0003022000000000302,0.00011159999999998949
3,2,23,0.00032480000000001397,7.389999999996011e-05
3,2,24,0.0002906000000000297,5.030000000005863e-05
3,2,25,0.0002183000000000046,5.08000000000175e-05
3,2,26,0.00024080000000004098,5.6900000000026374e-05
3,2,27,0.00022769999999994184,5.150000000009314e-05
3,2,28,0.00022969999999999935,4.990000000004713e-05
3,2,29,0.00023799999999996047,5.3100000000028125e-05
5,3,0,0.00022979999999994671,6.2400000000018e-05
5,3,1,0.00022659999999996572,5.56000000000445e-05
5,3,2,0.00022820000000001173,5.270000000001662e-05
5,3,3,0.00022100000000002673,5.540000000003875e-05
5,3,4,0.00022759999999999447,5.409999999994586e-05
5,3,5,0.00021740000000003423,5.2599999999958236e-05
5,3,6,0.0002213999999999272,5.460000000001575e-05
5,3,7,0.00028770000000000184,5.489999999996886e-05
5,3,8,0.0002202999999999511,5.4399999999898974e-05
5,3,9,0.00021979999999999222,5.299999999996974e-05
5,3,10,0.00021969999999993384,5.409999999994586e-05
5,3,11,0.00021859999999995772,5.4400000000009996e-05
5,3,12,0.0002187000000000161,5.3100000000028125e-05
5,3,13,0.00022780000000000022,5.5499999999986116e-05
5,3,14,0.00022820000000001173,5.409999999994586e-05
5,3,15,0.00022150000000009662,5.449999999995736e-05
5,3,16,0.0002228000000000785,5.540000000003875e-05
5,3,17,0.00022140000000003823,5.569999999999187e-05
5,3,18,0.0003498000000000667,9.870000000000712e-05
5,3,19,0.0003374999999999906,7.009999999996186e-05
5,3,20,0.00023050000000002235,5.5499999999986116e-05
5,3,21,0.00023139999999999272,5.5200000000033e-05
5,3,22,0.00023260000000002723,5.56000000000445e-05
5,3,23,0.0002267000000000241,5.770000000004938e-05
5,3,24,0.00022979999999994671,5.6199999999950734e-05
5,3,25,0.00022460000000001923,5.419999999989322e-05
5,3,26,0.00022400000000000198,5.450000000006838e-05
5,3,27,0.00022460000000001923,5.500000000002725e-05
5,3,28,0.00023009999999989983,5.5800000000050254e-05
5,3,29,0.00022840000000001748,5.6399999999956485e-05
7,3,0,0.00022850000000007586,5.5499999999986116e-05
7,3,1,0.00022820000000001173,5.5800000000050254e-05
7,3,2,0.00022880000000002898,5.610000000000337e-05
7,3,3,0.00022849999999996484,5.5299999999980365e-05
7,3,4,0.0002293999999999352,5.56000000000445e-05
7,3,5,0.00022780000000000022,5.5099999999974614e-05
7,3,6,0.00022849999999996484,5.6000000000056005e-05
7,3,7,0.00022979999999994671,5.540000000003875e-05
7,3,8,0.00023850000000003035,5.599999999994498e-05
7,3,9,0.00023119999999998697,5.599999999994498e-05
7,3,10,0.0002294999999999936,5.6000000000056005e-05
7,3,11,0.0002282999999999591,5.610000000000337e-05
7,3,12,0.00023159999999999847,5.5099999999974614e-05
7,3,13,0.0002289999999999237,5.779999999999674e-05
7,3,14,0.0002725999999999562,5.680000000007901e-05
7,3,15,0.00022889999999997634,7.809999999996986e-05
7,3,16,0.00023159999999999847,5.5200000000033e-05
7,3,17,0.00023159999999999847,5.5299999999980365e-05
7,3,18,0.00023410000000001485,5.66999999999096e-05
7,3,19,0.00028090000000002835,5.9099999999978614e-05
7,3,20,0.00023600000000001398,5.7300000000037876e-05
7,3,21,0.00024299999999999322,5.679999999996799e-05
7,3,22,0.00023370000000000335,5.699999999997374e-05
7,3,23,0.00023529999999993834,5.6599999999962236e-05
7,3,24,0.00023240000000002148,5.670000000002062e-05
7,3,25,0.00023289999999998034,5.500000000002725e-05
7,3,26,0.00022730000000004136,5.540000000003875e-05
7,3,27,0.00023360000000005599,5.56000000000445e-05
7,3,28,0.00023300000000003873,5.5499999999986116e-05
7,3,29,0.00023439999999996797,5.6199999999950734e-05
7,5,0,0.00024159999999995296,6.539999999999324e-05
7,5,1,0.00024319999999999897,6.620000000001625e-05
7,5,2,0.00024930000000000785,6.609999999995786e-05
7,5,3,0.00024319999999999897,6.590000000006313e-05
7,5,4,0.00024340000000000472,6.499999999998174e-05
7,5,5,0.00024290000000004586,6.550000000005163e-05
7,5,6,0.00023789999999990208,6.359999999994148e-05
7,5,7,0.0002375000000000016,6.36000000000525e-05
7,5,8,0.00025290000000000035,6.339999999993573e-05
7,5,9,0.00024359999999989945,6.689999999998086e-05
7,5,10,0.00027890000000008186,6.629999999996361e-05
7,5,11,0.0002587000000000561,7.369999999995436e-05
7,5,12,0.0002678999999999876,6.739999999993973e-05
7,5,13,0.0002604000000000495,7.029999999996761e-05
7,5,14,0.0002555000000000751,7.089999999998486e-05
7,5,15,0.0002526999999999946,6.580000000000474e-05
7,5,16,0.00025730000000001585,6.54999999999406e-05
7,5,17,0.0002419000000000171,6.430000000001712e-05
7,5,18,0.0002415000000000056,6.850000000002687e-05
7,5,19,0.0002491000000000021,6.380000000005825e-05
7,5,20,0.00023700000000004273,6.349999999999412e-05
7,5,21,0.00023649999999997284,6.36000000000525e-05
7,5,22,0.00023799999999996047,6.660000000002775e-05
7,5,23,0.00024360000000001047,6.530000000004588e-05
7,5,24,0.00023810000000001885,6.329999999998837e-05
7,5,25,0.00023819999999996622,6.490000000003437e-05
7,5,26,0.00024810000000008436,6.649999999996936e-05
7,5,27,0.00024159999999995296,6.579999999989372e-05
7,5,28,0.00024809999999997334,6.479999999997599e-05
7,5,29,0.00024239999999997597,6.460000000008126e-05
9,5,0,0.00023819999999996622,6.480000000008701e-05
9,5,1,0.00023799999999996047,6.779999999995123e-05
9,5,2,0.0002419000000000171,6.6400000000022e-05
9,5,3,0.00039290000000002934,7.479999999993048e-05
9,5,4,0.0002590000000000092,6.919999999999149e-05
9,5,5,0.000251200000000007,6.919999999999149e-05
9,5,6,0.0002607000000000026,7.40000000000185e-05
9,5,7,0.00027700000000008274,7.109999999999062e-05
9,5,8,0.0002459000000000211,6.479999999997599e-05
9,5,9,0.0002398999999999596,6.620000000001625e-05
9,5,10,0.0002410999999999941,6.260000000002375e-05
9,5,11,0.00023180000000000422,6.330000000009939e-05
9,5,12,0.00022999999999995246,6.14999999999366e-05
9,5,13,0.0002268000000000825,6.299999999992423e-05
9,5,14,0.00023560000000000247,6.2400000000018e-05
9,5,15,0.00023329999999999185,6.309999999998261e-05
9,5,16,0.000247200000000003,6.100000000008876e-05
9,5,17,0.0002647000000000066,8.229999999997961e-05
9,5,18,0.00023019999999995822,6.14999999999366e-05
9,5,19,0.0002278999999999476,6.130000000004188e-05
9,5,20,0.00022709999999992458,6.0900000000030374e-05
9,5,21,0.0002303000000000166,6.180000000000074e-05
9,5,22,0.0002278999999999476,6.169999999994236e-05
9,5,23,0.00022639999999995997,6.129999999993085e-05
9,5,24,0.0002267000000000241,6.180000000000074e-05
9,5,25,0.00022679999999997147,6.209999999995386e-05
9,5,26,0.00022699999999997722,6.2400000000018e-05
9,5,27,0.00022699999999997722,6.150000000004763e-05
9,5,28,0.0002413999999999472,6.839999999996849e-05
9,5,29,0.00034640000000008,6.450000000002287e-05
