session,pseudo_id,spid,ephemeral_public_key_prefix,timestamp
0,PID-9283eb398cecb85bd3dc,SPID-ee4dd38f240390148957,LS0tLS1CRUdJTiBQVUJMSUMgS0VZLS0t,1776390663
1,PID-9283eb398cecb85bd3dc,SPID-e93b16a09558286ba5f3,LS0tLS1CRUdJTiBQVUJMSUMgS0VZLS0t,1776390664
2,PID-9283eb398cecb85bd3dc,SPID-4b11072fdf2635a92913,LS0tLS1CRUdJTiBQVUJMSUMgS0VZLS0t,1776390665
3,PID-9283eb398cecb85bd3dc,SPID-4dfa575767ab65a51c54,LS0tLS1CRUdJTiBQVUJMSUMgS0VZLS0t,1776390666
4,PID-9283eb398cecb85bd3dc,SPID-65878dab9a6aecbafeb3,LS0tLS1CRUdJTiBQVUJMSUMgS0VZLS0t,1776390667
5,PID-9283eb398cecb85bd3dc,SPID-75c460ad1048733f65ca,LS0tLS1CRUdJTiBQVUJMSUMgS0VZLS0t,1776390668
6,PID-9283eb398cecb85bd3dc,SPID-35544ed4fdde3705f240,LS0tLS1CRUdJTiBQVUJMSUMgS0VZLS0t,1776390669
7,PID-9283eb398cecb85bd3dc,SPID-c8845f846074a258bc6a,LS0tLS1CRUdJTiBQVUJMSUMgS0VZLS0t,1776390670
8,PID-9283eb398cecb85bd3dc,SPID-be6e6479f33bd23113e6,LS0tLS1CRUdJTiBQVUJMSUMgS0VZLS0t,1776390671
9,PID-9283eb398cecb85bd3dc,SPID-be4fc23cdb161111be00,LS0tLS1CRUdJTiBQVUJMSUMgS0VZLS0t,1776390672
10,PID-9283eb398cecb85bd3dc,SPID-8c677d4586d48b176d61,LS0tLS1CRUdJTiBQVUJMSUMgS0VZLS0t,1776390673
11,PID-9283eb398cecb85bd3dc,SPID-c60512fabf234c9c38c0,LS0tLS1CRUdJTiBQVUJMSUMgS0VZLS0t,1776390674
12,PID-9283eb398cecb85bd3dc,SPID-2173956062d39ba9fdf2,LS0tLS1CRUdJTiBQVUJMSUMgS0VZLS0t,1776390675
13,PID-9283eb398cecb85bd3dc,SPID-33c526e85080f7fb1e79,LS0tLS1CRUdJTiBQVUJMSUMgS0VZLS0t,1776390676
14,PID-9283eb398cecb85bd3dc,SPID-6804c002fcd625f2c49a,LS0tLS1CRUdJTiBQVUJMSUMgS0VZLS0t,1776390677
15,PID-9283eb398cecb85bd3dc,SPID-51427d9b83c42fecf217,LS0tLS1CRUdJTiBQVUJMSUMgS0VZLS0t,1776390678
16,PID-9283eb398cecb85bd3dc,SPID-7d843c86f74490dda18e,LS0tLS1CRUdJTiBQVUJMSUMgS0VZLS0t,1776390679
17,PID-9283eb398cecb85bd3dc,SPID-e985a420ec4677746f0b,LS0tLS1CRUdJTiBQVUJMSUMgS0VZLS0t,1776390680
18,PID-9283eb398cecb85bd3dc,SPID-3e7aa87c281b936dc004,LS0tLS1CRUdJTiBQVUJMSUMgS0VZLS0t,1776390681
19,PID-9283eb398cecb85bd3dc,SPID-5885c2dc90725eaf472b,LS0tLS1CRUdJTiBQVUJMSUMgS0VZLS0t,1776390682
20,PID-9283eb398cecb85bd3dc,SPID-b9893d716abaf2cf2ab8,LS0tLS1CRUdJTiBQVUJMSUMgS0VZLS0t,1776390683
21,PID-9283eb398cecb85bd3dc,SPID-ad0b1a6e6a65aef8bf67,LS0tLS1CRUdJTiBQVUJMSUMgS0VZLS0t,1776390684
22,PID-9283eb398cecb85bd3dc,SPID-2c91f5f7f86a47ae861f,LS0tLS1CRUdJTiBQVUJMSUMgS0VZLS0t,1776390685
23,PID-9283eb398cecb85bd3dc,SPID-f71eb92f6c927978e595,LS0tLS1CRUdJTiBQVUJMSUMgS0VZLS0t,1776390686
24,PID-9283eb398cecb85bd3dc,SPID-4007d193546df82c426a,LS0tLS1CRUdJTiBQVUJMSUMgS0VZLS0t,1776390687
25,PID-9283eb398cecb85bd3dc,SPID-2b15183e7e1e5bd805f7,LS0tLS1CRUdJTiBQVUJMSUMgS0VZLS0t,1776390688
26,PID-9283eb398cecb85bd3dc,SPID-6db9fc6213cdd89bc362,LS0tLS1CRUdJTiBQVUJMSUMgS0VZLS0t,1776390689
27,PID-9283eb398cecb85bd3dc,SPID-1665125f125772ea0c95,LS0tLS1CRUdJTiBQVUJMSUMgS0VZLS0t,1776390690
28,PID-9283eb398cecb85bd3dc,SPID-36ec9b92c88e2b1291da,LS0tLS1CRUdJTiBQVUJMSUMgS0VZLS0t,1776390691
29,PID-9283eb398cecb85bd3dc,SPID-c9ac20b5c32f431c0e2f,LS0tLS1CRUdJTiBQVUJMSUMgS0VZLS0t,1776390692
30,PID-9283eb398cecb85bd3dc,SPID-c187b0a6375ff9e54b01,LS0tLS1CRUdJTiBQVUJMSUMgS0VZLS0t,1776390693
31,PID-9283eb398cecb85bd3dc,SPID-0c1198c4e013ef53a1f0,LS0tLS1CRUdJTiBQVUJMSUMgS0VZLS0t,1776390694
32,PID-9283eb398cecb85bd3dc,SPID-11dbcabae61655d53802,LS0tLS1CRUdJTiBQVUJMSUMgS0VZLS0t,1776390695
33,PID-9283eb398cecb85bd3dc,SPID-5bbd6e7f57323635e498,LS0tLS1CRUdJTiBQVUJMSUMgS0VZLS0t,1776390696
34,PID-9283eb398cecb85bd3dc,SPID-2428dcb3530d1d12861e,LS0tLS1CRUdJTiBQVUJMSUMgS0VZLS0t,1776390697
35,PID-9283eb398cecb85bd3dc,SPID-30563435a88b1b1b9e6b,LS0tLS1CRUdJTiBQVUJMSUMgS0VZLS0t,1776390698
36,PID-9283eb398cecb85bd3dc,SPID-16b89cb84687403914f2,LS0tLS1CRUdJTiBQVUJMSUMgS0VZLS0t,1776390699
37,PID-9283eb398cecb85bd3dc,SPID-be6bac521de9ca339933,LS0tLS1CRUdJTiBQVUJMSUMgS0VZLS0t,1776390700
38,PID-9283eb398cecb85bd3dc,SPID-c5528ffc4579e75d580f,LS0tLS1CRUdJTiBQVUJMSUMgS0VZLS0t,1776390701
39,PID-9283eb398cecb85bd3dc,SPID-8cbedefd5a32a36286f5,LS0tLS1CRUdJTiBQVUJMSUMgS0VZLS0t,1776390702
40,PID-9283eb398cecb85bd3dc,SPID-f19951f2e361f3603a18,LS0tLS1CRUdJTiBQVUJMSUMgS0VZLS0t,1776390703
41,PID-9283eb398cecb85bd3dc,SPID-2151d825556a1554d3ff,LS0tLS1CRUdJTiBQVUJMSUMgS0VZLS0t,1776390704
42,PID-9283eb398cecb85bd3dc,SPID-0e719d25b14c40d8a36f,LS0tLS1CRUdJTiBQVUJMSUMgS0VZLS0t,1776390705
43,PID-9283eb398cecb85bd3dc,SPID-cd059cd7d645f44a0cd0,LS0tLS1CRUdJTiBQVUJMSUMgS0VZLS0t,1776390706
44,PID-9283eb398cecb85bd3dc,SPID-3395b6fc4c9f99631c03,LS0tLS1CRUdJTiBQVUJMSUMgS0VZLS0t,1776390707
45,PID-9283eb398cecb85bd3dc,SPID-77f33a9eb1877cfb6dc5,LS0tLS1CRUdJTiBQVUJMSUMgS0VZLS0t,1776390708
46,PID-9283eb398cecb85bd3dc,SPID-375b4eb10b60a1f3d3f7,LS0tLS1CRUdJTiBQVUJMSUMgS0VZLS0t,1776390709
47,PID-9283eb398cecb85bd3dc,SPID-6a020e246541613c1eba,LS0tLS1CRUdJTiBQVUJMSUMgS0VZLS0t,1776390710
48,PID-9283eb398cecb85bd3dc,SPID-55a38ffe8b5ee87812c0,LS0tLS1CRUdJTiBQVUJMSUMgS0VZLS0t,1776390711
49,PID-9283eb398cecb85bd3dc,SPID-6afd451cc6632528fd69,LS0tLS1CRUdJTiBQVUJMSUMgS0VZLS0t,1776390712
50,PID-9283eb398cecb85bd3dc,SPID-ac730f9146cd96f221b3,LS0tLS1CRUdJTiBQVUJMSUMgS0VZLS0t,1776390713
51,PID-9283eb398cecb85bd3dc,SPID-3f4f92234c96c6570873,LS0tLS1CRUdJTiBQVUJMSUMgS0VZLS0t,1776390714
52,PID-9283eb398cecb85bd3dc,SPID-91d554db1a849f07d7a0,LS0tLS1CRUdJTiBQVUJMSUMgS0VZLS0t,1776390715
53,PID-9283eb398cecb85bd3dc,SPID-7cbac21f279dbb0439a7,LS0tLS1CRUdJTiBQVUJMSUMgS0VZLS0t,1776390716
54,PID-9283eb398cecb85bd3dc,SPID-5a4f027185b05a527e50,LS0tLS1CRUdJTiBQVUJMSUMgS0VZLS0t,1776390717
55,PID-9283eb398cecb85bd3dc,SPID-093ed23fb6a40076c278,LS0tLS1CRUdJTiBQVUJMSUMgS0VZLS0t,1776390718
56,PID-9283eb398cecb85bd3dc,SPID-59ea8292ef58e94df468,LS0tLS1CRUdJTiBQVUJMSUMgS0VZLS0t,1776390719
57,PID-9283eb398cecb85bd3dc,SPID-6518159f7928779b4855,LS0tLS1CRUdJTiBQVUJMSUMgS0VZLS0t,1776390720
58,PID-9283eb398cecb85bd3dc,SPID-859e4cf64e6b486b1717,LS0tLS1CRUdJTiBQVUJMSUMgS0VZLS0t,1776390721
59,PID-9283eb398cecb85bd3dc,SPID-6b86085f27593c9cca08,LS0tLS1CRUdJTiBQVUJMSUMgS0VZLS0t,1776390722
60,PID-9283eb398cecb85bd3dc,SPID-bf74555981173599afec,LS0tLS1CRUdJTiBQVUJMSUMgS0VZLS0t,1776390723
61,PID-9283eb398cecb85bd3dc,SPID-e0d52012c869cbff02ae,LS0tLS1CRUdJTiBQVUJMSUMgS0VZLS0t,1776390724
62,PID-9283eb398cecb85bd3dc,SPID-1aa39d7e6bc7555f278b,LS0tLS1CRUdJTiBQVUJMSUMgS0VZLS0t,1776390725
63,PID-9283eb398cecb85bd3dc,SPID-b292637fcf7c6a9c8224,LS0tLS1CRUdJTiBQVUJMSUMgS0VZLS0t,1776390726
64,PID-9283eb398cecb85bd3dc,SPID-77a5ce410fea8cd3449d,LS0tLS1CRUdJTiBQVUJMSUMgS0VZLS0t,1776390727
65,PID-9283eb398cecb85bd3dc,SPID-7786043b430626cd95b2,LS0tLS1CRUdJTiBQVUJMSUMgS0VZLS0t,1776390728
66,PID-9283eb398cecb85bd3dc,SPID-9c9e9e8081859a3e67bb,LS0tLS1CRUdJTiBQVUJMSUMgS0VZLS0t,1776390729
67,PID-9283eb398cecb85bd3dc,SPID-12fb335ec2f784698788,LS0tLS1CRUdJTiBQVUJMSUMgS0VZLS0t,1776390730
68,PID-9283eb398cecb85bd3dc,SPID-df11986b00c2df6afa14,LS0tLS1CRUdJTiBQVUJMSUMgS0VZLS0t,1776390731
69,PID-9283eb398cecb85bd3dc,SPID-d49847b6ea57b4256a5f,LS0tLS1CRUdJTiBQVUJMSUMgS0VZLS0t,1776390732
70,PID-9283eb398cecb85bd3dc,SPID-1ee54949c8976c6bfaf7,LS0tLS1CRUdJTiBQVUJMSUMgS0VZLS0t,1776390733
71,PID-9283eb398cecb85bd3dc,SPID-f69c0aca2ec259b1530e,LS0tLS1CRUdJTiBQVUJMSUMgS0VZLS0t,1776390734
72,PID-9283eb398cecb85bd3dc,SPID-52316be2599b12f19b06,LS0tLS1CRUdJTiBQVUJMSUMgS0VZLS0t,1776390735
73,PID-9283eb398cecb85bd3dc,SPID-8b434a66c25cf43e5066,LS0tLS1CRUdJTiBQVUJMSUMgS0VZLS0t,1776390736
74,PID-9283eb398cecb85bd3dc,SPID-adb0bf670fe7cf9ca999,LS0tLS1CRUdJTiBQVUJMSUMgS0VZLS0t,1776390737
75,PID-9283eb398cecb85bd3dc,SPID-caa2765366a7b84a63b4,LS0tLS1CRUdJTiBQVUJMSUMgS0VZLS0t,1776390738
76,PID-9283eb398cecb85bd3dc,SPID-8b0ad3483fd05433fafa,LS0tLS1CRUdJTiBQVUJMSUMgS0VZLS0t,1776390739
77,PID-9283eb398cecb85bd3dc,SPID-baacecc54755cb3398a1,LS0tLS1CRUdJTiBQVUJMSUMgS0VZLS0t,1776390740
78,PID-9283eb398cecb85bd3dc,SPID-da76be5e30b699fc1669,LS0tLS1CRUdJTiBQVUJMSUMgS0VZLS0t,1776390741
79,PID-9283eb398cecb85bd3dc,SPID-040b4c7c8d00588a0b2a,LS0tLS1CRUdJTiBQVUJMSUMgS0VZLS0t,1776390742
80,PID-9283eb398cecb85bd3dc,SPID-c12e100fa3283e5f9b2a,LS0tLS1CRUdJTiBQVUJMSUMgS0VZLS0t,1776390743
81,PID-9283eb398cecb85bd3dc,SPID-a405685d0bb24df8afae,LS0tLS1CRUdJTiBQVUJMSUMgS0VZLS0t,1776390744
82,PID-9283eb398cecb85bd3dc,SPID-1ddeefb589afbf88b94b,LS0tLS1CRUdJTiBQVUJMSUMgS0VZLS0t,1776390745
83,PID-9283eb398cecb85bd3dc,SPID-a3fe79122ea31f94c4a2,LS0tLS1CRUdJTiBQVUJMSUMgS0VZLS0t,1776390746
84,PID-9283eb398cecb85bd3dc,SPID-1dbc158f93947e20ac61,LS0tLS1CRUdJTiBQVUJMSUMgS0VZLS0t,1776390747
85,PID-9283eb398cecb85bd3dc,SPID-d0a7ea22167281822688,LS0tLS1CRUdJTiBQVUJMSUMgS0VZLS0t,1776390748
86,PID-9283eb398cecb85bd3dc,SPID-4bc75d5ad6c05e06b3f9,LS0tLS1CRUdJTiBQVUJMSUMgS0VZLS0t,1776390749
87,PID-9283eb398cecb85bd3dc,SPID-1ed6c5db0b4778cb1778,LS0tLS1CRUdJTiBQVUJMSUMgS0VZLS0t,1776390750
88,PID-9283eb398cecb85bd3dc,SPID-f5f5d71f57250c835820,LS0tLS1CRUdJTiBQVUJMSUMgS0VZLS0t,1776390751
89,PID-9283eb398cecb85bd3dc,SPID-30aedb59a45a7b0f8605,LS0tLS1CRUdJTiBQVUJMSUMgS0VZLS0t,1776390752
90,PID-9283eb398cecb85bd3dc,SPID-97c4750f69e371425e2d,LS0tLS1CRUdJTiBQVUJMSUMgS0VZLS0t,1776390753
91,PID-9283eb398cecb85bd3dc,SPID-d7e0f12b44c1633dfc35,LS0tLS1CRUdJTiBQVUJMSUMgS0VZLS0t,1776390754
92,PID-9283eb398cecb85bd3dc,SPID-280d897624c381ecc266,LS0tLS1CRUdJTiBQVUJMSUMgS0VZLS0t,1776390755
93,PID-9283eb398cecb85bd3dc,SPID-a7b172e43b800002ffc2,LS0tLS1CRUdJTiBQVUJMSUMgS0VZLS0t,1776390756
94,PID-9283eb398cecb85bd3dc,SPID-ecc34519e91de816b03f,LS0tLS1CRUdJTiBQVUJMSUMgS0VZLS0t,1776390757
95,PID-9283eb398cecb85bd3dc,SPID-b09c6379ac32136117e1,LS0tLS1CRUdJTiBQVUJMSUMgS0VZLS0t,1776390758
96,PID-9283eb398cecb85bd3dc,SPID-68e23737a019d3f09cfc,LS0tLS1CRUdJTiBQVUJMSUMgS0VZLS0t,1776390759
97,PID-9283eb398cecb85bd3dc,SPID-5ee138b9278aafd4711f,LS0tLS1CRUdJTiBQVUJMSUMgS0VZLS0t,1776390760
98,PID-9283eb398cecb85bd3dc,SPID-977a41ebec7c598e6936,LS0tLS1CRUdJTiBQVUJMSUMgS0VZLS0t,1776390761
99,PID-9283eb398cecb85bd3dc,SPID-02237e52c0773b36eda5,LS0tLS1CRUdJTiBQVUJMSUMgS0VZLS0t,1776390762
